,all_charuco_ids,all_charuco_corners
0,"[[ 0]
 [ 1]
 [ 2]
 [ 3]
 [ 4]
 [ 5]
 [ 6]
 [ 7]
 [ 8]
 [ 9]
 [10]
 [11]
 [12]
 [13]
 [14]
 [15]
 [16]
 [17]
 [18]
 [19]
 [20]
 [21]
 [22]
 [23]
 [24]
 [25]
 [26]
 [27]
 [28]
 [29]
 [30]
 [31]
 [32]
 [33]
 [34]
 [35]
 [36]
 [37]
 [38]
 [39]
 [40]
 [41]
 [42]
 [43]
 [44]
 [45]
 [46]
 [47]
 [48]
 [49]
 [50]
 [51]
 [52]
 [53]
 [54]
 [55]
 [56]
 [57]
 [58]
 [59]
 [60]
 [61]
 [62]
 [63]
 [64]
 [65]
 [66]
 [67]
 [68]
 [69]
 [70]
 [71]
 [72]
 [73]
 [74]
 [75]
 [76]
 [77]]","[[[1835.0083 2276.9976]]

 [[2041.0253 2276.9255]]

 [[2245.9878 2276.9827]]

 [[2448.9878 2276.9878]]

 [[2651.0054 2277.0059]]

 [[2852.0063 2276.9937]]

 [[3052.0032 2277.9822]]

 [[3251.0115 2277.9888]]

 [[3450.9893 2279.0193]]

 [[3651.054  2279.9795]]

 [[3851.0105 2281.    ]]

 [[4051.9443 2282.0847]]

 [[4254.0117 2283.0645]]

 [[1827.9923 2478.9817]]

 [[2035.2106 2477.9814]]

 [[2240.856  2477.8965]]

 [[2446.1687 2477.1013]]

 [[2649.1904 2477.0999]]

 [[2851.0615 2477.0066]]

 [[3052.0007 2477.0007]]

 [[3252.9983 2478.009 ]]

 [[3453.6182 2477.9937]]

 [[3655.0425 2478.9343]]

 [[3855.8447 2480.0796]]

 [[4058.4436 2482.1587]]

 [[4260.909  2483.102 ]]

 [[1820.8793 2683.0527]]

 [[2029.1459 2682.094 ]]

 [[2236.174  2681.0962]]

 [[2441.104  2681.0103]]

 [[2645.9868 2679.9827]]

 [[2848.9888 2679.994 ]]

 [[3052.0078 2680.0022]]

 [[3253.941  2680.0146]]

 [[3457.1213 2680.016 ]]

 [[3658.9954 2681.008 ]]

 [[3861.9956 2682.5261]]

 [[4064.832  2684.0996]]

 [[4268.2197 2685.016 ]]

 [[1813.9521 2888.9795]]

 [[2021.9386 2888.9868]]

 [[2230.0066 2888.0066]]

 [[2436.9932 2886.9856]]

 [[2642.9822 2886.0022]]

 [[2847.9973 2886.0076]]

 [[3052.0073 2886.003 ]]

 [[3255.9956 2885.9897]]

 [[3460.004  2886.0076]]

 [[3663.9976 2887.0076]]

 [[3868.1558 2886.917 ]]

 [[4071.0466 2888.0598]]

 [[4273.9126 2886.8948]]

 [[1811.9948 3093.0083]]

 [[2017.9943 3095.006 ]]

 [[2225.0298 3094.929 ]]

 [[2433.002  3095.0078]]

 [[2639.993  3095.0066]]

 [[2846.0024 3093.9822]]

 [[3052.0168 3093.9836]]

 [[3257.9883 3094.0093]]

 [[3462.9827 3093.0042]]

 [[3668.006  3093.0066]]

 [[3872.0068 3092.996 ]]

 [[4075.019  3090.9893]]

 [[4274.9854 3087.9414]]

 [[1816.864  3289.0842]]

 [[2020.0219 3295.0198]]

 [[2224.9985 3297.9917]]

 [[2430.99   3299.9824]]

 [[2637.9885 3299.9956]]

 [[2844.9875 3301.0088]]

 [[3052.     3299.992 ]]

 [[3258.0088 3299.0159]]

 [[3464.0088 3298.0027]]

 [[3667.9854 3296.0127]]

 [[3870.9873 3292.9846]]

 [[4071.7898 3288.0425]]

 [[4268.0015 3280.7512]]]"
1,"[[ 0]
 [ 1]
 [ 2]
 [ 3]
 [ 4]
 [ 5]
 [ 6]
 [ 7]
 [ 8]
 [ 9]
 [10]
 [11]
 [12]
 [13]
 [14]
 [15]
 [16]
 [17]
 [18]
 [19]
 [20]
 [21]
 [22]
 [23]
 [24]
 [25]
 [26]
 [27]
 [28]
 [29]
 [30]
 [31]
 [32]
 [33]
 [34]
 [35]
 [36]
 [37]
 [38]
 [39]
 [40]
 [41]
 [42]
 [43]
 [44]
 [45]
 [46]
 [47]
 [48]
 [49]
 [50]
 [51]
 [52]
 [53]
 [54]
 [55]
 [56]
 [57]
 [58]
 [59]
 [60]
 [61]
 [62]
 [63]
 [64]
 [65]
 [66]
 [67]
 [68]
 [69]
 [70]
 [71]
 [72]
 [73]
 [74]
 [75]
 [76]
 [77]]","[[[1836.2096 2293.9539]]

 [[2054.005  2293.0557]]

 [[2267.0146 2291.0027]]

 [[2477.0168 2289.    ]]

 [[2684.0007 2288.007 ]]

 [[2888.1602 2286.92  ]]

 [[3088.9314 2286.0044]]

 [[3288.973  2284.9448]]

 [[3486.1028 2284.059 ]]

 [[3683.0974 2283.926 ]]

 [[3877.963  2283.0195]]

 [[4072.4702 2282.9966]]

 [[4265.9424 2281.9834]]

 [[1833.9587 2505.071 ]]

 [[2052.0657 2501.8933]]

 [[2266.9807 2497.9458]]

 [[2477.7878 2495.0308]]

 [[2687.0933 2493.1462]]

 [[2891.9827 2490.0078]]

 [[3094.9858 2487.9866]]

 [[3296.1462 2485.9036]]

 [[3495.255  2485.0923]]

 [[3692.892  2482.9578]]

 [[3888.9717 2482.069 ]]

 [[4084.98   2480.9463]]

 [[4279.078  2480.0073]]

 [[1829.9045 2717.8123]]

 [[2049.9817 2714.0112]]

 [[2265.9265 2708.9517]]

 [[2479.0073 2705.003 ]]

 [[2689.008  2701.0002]]

 [[2896.002  2697.0193]]

 [[3101.1587 2693.9192]]

 [[3302.9697 2691.071 ]]

 [[3503.768  2688.1187]]

 [[3703.036  2686.071 ]]

 [[3900.9521 2684.08  ]]

 [[4097.8994 2681.941 ]]

 [[4292.5586 2680.092 ]]

 [[1827.9935 2933.365 ]]

 [[2047.9891 2928.9802]]

 [[2265.0273 2924.041 ]]

 [[2479.9553 2918.1006]]

 [[2690.9834 2912.942 ]]

 [[2899.9036 2907.901 ]]

 [[3107.1907 2903.8987]]

 [[3310.9343 2900.002 ]]

 [[3513.363  2895.9924]]

 [[3713.7354 2892.2659]]

 [[3912.9504 2889.0156]]

 [[4110.0327 2884.9756]]

 [[4303.9087 2881.138 ]]

 [[1831.8873 3145.9402]]

 [[2048.9995 3142.979 ]]

 [[2265.9795 3139.01  ]]

 [[2480.972  3133.2114]]

 [[2694.1016 3128.1748]]

 [[2904.2097 3122.0212]]

 [[3112.869  3115.8171]]

 [[3318.63   3110.966 ]]

 [[3521.9746 3105.8938]]

 [[3724.1736 3099.905 ]]

 [[3922.9573 3093.872 ]]

 [[4119.1    3088.1719]]

 [[4310.7446 3079.932 ]]

 [[1843.835  3348.0095]]

 [[2056.7903 3348.9795]]

 [[2271.2588 3347.9146]]

 [[2485.0159 3343.9988]]

 [[2698.0845 3339.1057]]

 [[2909.0818 3333.111 ]]

 [[3117.9146 3325.849 ]]

 [[3324.8247 3318.6995]]

 [[3529.2693 3311.9512]]

 [[3730.0396 3303.788 ]]

 [[3927.9644 3294.2085]]

 [[4120.8345 3283.8813]]

 [[4309.9844 3271.4744]]]"
2,"[[ 0]
 [ 1]
 [ 2]
 [ 3]
 [ 4]
 [ 5]
 [ 6]
 [ 7]
 [ 8]
 [ 9]
 [10]
 [11]
 [12]
 [13]
 [14]
 [15]
 [16]
 [17]
 [18]
 [19]
 [20]
 [21]
 [22]
 [23]
 [24]
 [25]
 [26]
 [27]
 [28]
 [29]
 [30]
 [31]
 [32]
 [33]
 [34]
 [35]
 [36]
 [37]
 [38]
 [39]
 [40]
 [41]
 [42]
 [43]
 [44]
 [45]
 [46]
 [47]
 [48]
 [49]
 [50]
 [51]
 [52]
 [53]
 [54]
 [55]
 [56]
 [57]
 [58]
 [59]
 [60]
 [61]
 [62]
 [63]
 [64]
 [65]
 [66]
 [67]
 [68]
 [69]
 [70]
 [71]
 [72]
 [73]
 [74]
 [75]
 [76]
 [77]]","[[[2051.0146 2284.9941]]

 [[2259.9937 2284.0063]]

 [[2466.993  2282.0215]]

 [[2669.9922 2281.0017]]

 [[2871.0068 2279.9946]]

 [[3069.387  2279.0295]]

 [[3265.9946 2277.9924]]

 [[3460.9094 2276.8296]]

 [[3654.9797 2276.9465]]

 [[3847.33   2277.0664]]

 [[4039.0383 2276.0508]]

 [[4230.2085 2276.0325]]

 [[4420.209  2275.043 ]]

 [[2048.9336 2490.0361]]

 [[2259.9316 2487.0063]]

 [[2468.0193 2485.0396]]

 [[2672.999  2482.0059]]

 [[2875.0076 2480.003 ]]

 [[3075.1907 2477.8982]]

 [[3273.045  2475.9128]]

 [[3469.0908 2475.1492]]

 [[3664.1018 2472.928 ]]

 [[3858.0955 2471.9102]]

 [[4050.9495 2471.0066]]

 [[4242.914  2469.9902]]

 [[4433.2124 2469.0464]]

 [[2045.9916 2698.995 ]]

 [[2259.0999 2695.1868]]

 [[2468.063  2690.9739]]

 [[2675.0078 2687.003 ]]

 [[2879.0852 2682.8684]]

 [[3079.999  2679.9995]]

 [[3280.0032 2677.3538]]

 [[3477.5176 2675.0095]]

 [[3674.0442 2672.9863]]

 [[3868.973  2671.0774]]

 [[4063.033  2669.0686]]

 [[4255.9316 2666.9346]]

 [[4446.1304 2665.2026]]

 [[2043.9896 2909.9895]]

 [[2256.809  2904.8972]]

 [[2467.9836 2900.015 ]]

 [[2676.9197 2894.8413]]

 [[2882.0872 2891.1597]]

 [[3085.8699 2886.5654]]

 [[3287.0552 2882.9807]]

 [[3486.0156 2879.072 ]]

 [[3683.9722 2876.0742]]

 [[3880.7896 2872.9639]]

 [[4074.9314 2869.6458]]

 [[4267.79   2866.1567]]

 [[4456.6147 2860.9932]]

 [[2043.982  3121.0083]]

 [[2258.2644 3117.0422]]

 [[2469.0574 3111.8872]]

 [[2678.9868 3105.9995]]

 [[2886.002  3101.063 ]]

 [[3091.046  3095.7903]]

 [[3293.9868 3090.4849]]

 [[3495.2378 3085.8464]]

 [[3694.0928 3081.0793]]

 [[3890.175  3075.6719]]

 [[4084.9087 3070.122 ]]

 [[4274.821  3063.13  ]]

 [[4461.0527 3054.793 ]]

 [[2051.106  3324.9165]]

 [[2262.1416 3322.8987]]

 [[2473.0515 3318.9153]]

 [[2681.873  3313.9153]]

 [[2890.0986 3309.1904]]

 [[3096.0977 3303.147 ]]

 [[3300.0933 3295.7864]]

 [[3500.9915 3289.6375]]

 [[3699.891  3281.8276]]

 [[3896.0889 3274.1514]]

 [[4088.0144 3264.636 ]]

 [[4275.2837 3253.469 ]]

 [[4456.867  3240.1606]]]"
3,"[[ 0]
 [ 1]
 [ 2]
 [ 3]
 [ 4]
 [ 5]
 [ 6]
 [ 7]
 [ 8]
 [ 9]
 [10]
 [11]
 [12]
 [13]
 [14]
 [15]
 [16]
 [17]
 [18]
 [19]
 [20]
 [21]
 [22]
 [23]
 [24]
 [25]
 [26]
 [27]
 [28]
 [29]
 [30]
 [31]
 [32]
 [33]
 [34]
 [35]
 [36]
 [37]
 [38]
 [39]
 [40]
 [41]
 [42]
 [43]
 [44]
 [45]
 [46]
 [47]
 [48]
 [49]
 [50]
 [51]
 [52]
 [53]
 [54]
 [55]
 [56]
 [57]
 [58]
 [59]
 [60]
 [61]
 [62]
 [63]
 [64]
 [65]
 [66]
 [67]
 [68]
 [69]
 [70]
 [71]
 [72]
 [73]
 [74]
 [75]
 [76]
 [77]]","[[[2061.0054 2327.994 ]]

 [[2295.05   2327.0825]]

 [[2525.0186 2325.6448]]

 [[2750.8494 2325.0876]]

 [[2976.1638 2323.8726]]

 [[3198.1904 2322.8992]]

 [[3418.0068 2322.9963]]

 [[3637.0383 2323.066 ]]

 [[3855.982  2322.946 ]]

 [[4073.3853 2323.0156]]

 [[4290.6226 2322.98  ]]

 [[4506.3687 2322.9915]]

 [[4719.219  2323.035 ]]

 [[2056.988  2556.9995]]

 [[2291.7844 2553.9343]]

 [[2524.0164 2551.996 ]]

 [[2752.986  2549.9858]]

 [[2979.0186 2547.9927]]

 [[3203.0212 2545.9956]]

 [[3425.208  2545.0415]]

 [[3646.1047 2544.065 ]]

 [[3866.371  2544.0327]]

 [[4085.794  2542.942 ]]

 [[4303.978  2542.935 ]]

 [[4519.978  2541.9253]]

 [[4731.6206 2539.9998]]

 [[2051.9243 2791.0503]]

 [[2289.6367 2786.9988]]

 [[2524.0652 2783.0776]]

 [[2754.8518 2779.8843]]

 [[2983.084  2777.0508]]

 [[3209.0083 2774.0083]]

 [[3432.9148 2772.1074]]

 [[3655.8684 2770.104 ]]

 [[3878.163  2768.8845]]

 [[4097.8945 2767.0933]]

 [[4316.4536 2765.017 ]]

 [[4530.9077 2762.0806]]

 [[4739.9917 2756.9998]]

 [[2048.998  3025.992 ]]

 [[2286.9304 3022.0337]]

 [[2523.0056 3018.007 ]]

 [[2755.9983 3014.0076]]

 [[2985.8696 3010.099 ]]

 [[3215.0515 3005.9917]]

 [[3440.795  3003.0896]]

 [[3666.3328 3000.042 ]]

 [[3888.4995 2995.883 ]]

 [[4109.092  2992.1125]]

 [[4326.097  2986.9246]]

 [[4536.977  2980.2095]]

 [[4740.971  2971.0403]]

 [[2052.0432 3256.9133]]

 [[2287.982  3255.9937]]

 [[2524.111  3252.9465]]

 [[2757.9058 3247.8538]]

 [[2990.0828 3244.1526]]

 [[3220.0059 3239.0051]]

 [[3448.2659 3234.055 ]]

 [[3673.0012 3227.992 ]]

 [[3895.0825 3222.051 ]]

 [[4114.0967 3214.1   ]]

 [[4326.9756 3204.0408]]

 [[4532.024  3190.9229]]

 [[4728.463  3174.9673]]

 [[2064.3552 3472.353 ]]

 [[2296.034  3475.026 ]]

 [[2528.8093 3475.103 ]]

 [[2761.9902 3471.9932]]

 [[2993.8748 3467.9595]]

 [[3223.063  3462.036 ]]

 [[3449.9072 3453.8545]]

 [[3673.919  3444.941 ]]

 [[3892.8323 3434.0984]]

 [[4107.0723 3421.024 ]]

 [[4314.5933 3405.1184]]

 [[4512.941  3385.7358]]

 [[4701.7524 3363.3486]]]"
4,"[[ 0]
 [ 1]
 [ 2]
 [ 3]
 [ 4]
 [ 5]
 [ 6]
 [ 7]
 [ 8]
 [ 9]
 [10]
 [11]
 [12]
 [13]
 [14]
 [15]
 [16]
 [17]
 [18]
 [19]
 [20]
 [21]
 [22]
 [23]
 [24]
 [25]
 [26]
 [27]
 [28]
 [29]
 [30]
 [31]
 [32]
 [33]
 [34]
 [35]
 [36]
 [37]
 [38]
 [39]
 [40]
 [41]
 [42]
 [43]
 [44]
 [45]
 [46]
 [47]
 [48]
 [49]
 [50]
 [51]
 [52]
 [53]
 [54]
 [55]
 [56]
 [57]
 [58]
 [59]
 [60]
 [61]
 [62]
 [63]
 [64]
 [65]
 [66]
 [67]
 [68]
 [69]
 [70]
 [71]
 [72]
 [73]
 [74]
 [75]
 [76]
 [77]]","[[[1823.524  2270.9922]]

 [[2034.0083 2271.9995]]

 [[2242.0051 2272.0068]]

 [[2447.013  2272.0017]]

 [[2650.1108 2271.9397]]

 [[2852.0063 2273.0063]]

 [[3051.4878 2273.0046]]

 [[3250.0005 2274.001 ]]

 [[3447.9963 2274.9976]]

 [[3645.0007 2276.0012]]

 [[3841.9946 2277.007 ]]

 [[4039.1746 2277.896 ]]

 [[4235.894  2280.0298]]

 [[1816.8257 2475.898 ]]

 [[2029.0054 2475.008 ]]

 [[2238.0127 2473.9846]]

 [[2444.9958 2473.0088]]

 [[2650.146  2473.098 ]]

 [[2852.0103 2471.9941]]

 [[3053.0037 2472.019 ]]

 [[3253.0085 2472.9941]]

 [[3451.8901 2473.0903]]

 [[3651.011  2473.9944]]

 [[3848.6704 2475.2786]]

 [[4046.8833 2475.1985]]

 [[4245.172  2475.8994]]

 [[1810.6362 2683.0166]]

 [[2022.9902 2681.0037]]

 [[2234.0806 2679.0256]]

 [[2441.9875 2677.9875]]

 [[2648.0938 2677.1462]]

 [[2852.0835 2676.0505]]

 [[3054.996  2675.007 ]]

 [[3256.9863 2673.9893]]

 [[3457.0325 2674.0508]]

 [[3657.2092 2675.0437]]

 [[3857.0093 2674.9958]]

 [[4055.8127 2676.112 ]]

 [[4254.219  2676.0469]]

 [[1804.9803 2890.9475]]

 [[2017.2092 2889.9705]]

 [[2229.0066 2888.0066]]

 [[2439.1458 2886.1   ]]

 [[2645.8542 2883.907 ]]

 [[2852.9165 2881.9133]]

 [[3057.004  2881.0076]]

 [[3259.897  2880.0955]]

 [[3463.147  2878.9014]]

 [[3663.8503 2879.0903]]

 [[3865.054  2878.9792]]

 [[4064.7925 2877.9473]]

 [[4262.994  2876.9226]]

 [[1803.0048 3098.6477]]

 [[2014.0037 3098.9863]]

 [[2224.8997 3097.9043]]

 [[2435.9966 3096.0083]]

 [[2645.0051 3094.0073]]

 [[2852.9844 3091.9834]]

 [[3058.986  3090.004 ]]

 [[3263.9841 3087.9841]]

 [[3467.7905 3086.977 ]]

 [[3669.9985 3085.0063]]

 [[3871.01   3082.9878]]

 [[4069.899  3080.0967]]

 [[4266.989  3075.998 ]]

 [[1810.0292 3296.8945]]

 [[2016.9385 3301.0122]]

 [[2226.0017 3303.022 ]]

 [[2436.0066 3303.0066]]

 [[2645.0046 3302.0076]]

 [[2853.0088 3299.9912]]

 [[3059.8977 3296.8252]]

 [[3266.0134 3295.061 ]]

 [[3469.9604 3291.2104]]

 [[3673.0845 3288.0525]]

 [[3873.0803 3283.1597]]

 [[4069.9897 3276.5144]]

 [[4262.8247 3267.9663]]]"
5,"[[ 0]
 [ 1]
 [ 2]
 [ 3]
 [ 4]
 [ 5]
 [ 6]
 [ 7]
 [ 8]
 [ 9]
 [10]
 [11]
 [12]
 [13]
 [14]
 [15]
 [16]
 [17]
 [18]
 [19]
 [20]
 [21]
 [22]
 [23]
 [24]
 [25]
 [26]
 [27]
 [28]
 [29]
 [30]
 [31]
 [32]
 [33]
 [34]
 [35]
 [36]
 [37]
 [38]
 [39]
 [40]
 [41]
 [42]
 [43]
 [44]
 [45]
 [46]
 [47]
 [48]
 [49]
 [50]
 [51]
 [52]
 [53]
 [54]
 [55]
 [56]
 [57]
 [58]
 [59]
 [60]
 [61]
 [62]
 [63]
 [64]
 [65]
 [66]
 [67]
 [68]
 [69]
 [70]
 [71]
 [72]
 [73]
 [74]
 [75]
 [76]
 [77]]","[[[1337.9971 2304.9834]]

 [[1570.0067 2303.9954]]

 [[1800.2792 2304.206 ]]

 [[2026.0015 2302.9844]]

 [[2248.1719 2302.0789]]

 [[2465.016  2300.997 ]]

 [[2679.9949 2300.0066]]

 [[2890.989  2300.0032]]

 [[3099.9841 2299.9956]]

 [[3306.6335 2299.9866]]

 [[3510.972  2300.083 ]]

 [[3714.7908 2299.9727]]

 [[3916.9663 2299.946 ]]

 [[1334.1389 2526.0862]]

 [[1565.0198 2524.0032]]

 [[1795.5052 2521.9998]]

 [[2022.9283 2519.0337]]

 [[2246.0068 2517.0059]]

 [[2466.0151 2514.7876]]

 [[2681.9387 2511.9546]]

 [[2894.9832 2511.0076]]

 [[3105.7927 2508.9507]]

 [[3314.1467 2507.9038]]

 [[3519.809  2507.1028]]

 [[3725.045  2506.98  ]]

 [[3928.5193 2506.0117]]

 [[1332.0059 2747.0007]]

 [[1561.0862 2747.105 ]]

 [[1791.0034 2743.9895]]

 [[2018.9923 2740.0015]]

 [[2244.0083 2735.9956]]

 [[2465.903  2731.826 ]]

 [[2684.008  2728.9963]]

 [[2899.0066 2726.0066]]

 [[3110.9016 2723.0962]]

 [[3321.211  2721.0278]]

 [[3529.79   2718.9617]]

 [[3735.8647 2717.0847]]

 [[3940.983  2716.0144]]

 [[1337.9525 2967.0627]]

 [[1561.8993 2967.9414]]

 [[1788.9967 2967.0083]]

 [[2016.9259 2962.9727]]

 [[2242.601  2958.9976]]

 [[2466.0083 2954.0005]]

 [[2686.0427 2949.79  ]]

 [[2903.0002 2944.9773]]

 [[3116.9539 2941.012 ]]

 [[3329.0662 2938.251 ]]

 [[3538.912  2934.0842]]

 [[3746.9482 2931.0793]]

 [[3952.947  2928.0764]]

 [[1355.0319 3177.1233]]

 [[1571.2705 3183.4702]]

 [[1793.037  3186.0513]]

 [[2018.004  3184.9932]]

 [[2243.0789 3182.0537]]

 [[2467.0386 3176.9307]]

 [[2688.0007 3172.0085]]

 [[2907.184  3166.8792]]

 [[3123.092  3162.1067]]

 [[3336.9993 3156.3604]]

 [[3547.9    3150.8535]]

 [[3756.9707 3145.9255]]

 [[3962.2212 3140.0435]]

 [[1387.0981 3371.163 ]]

 [[1594.1375 3384.109 ]]

 [[1808.7604 3391.8896]]

 [[2028.048  3395.0044]]

 [[2249.4033 3395.028 ]]

 [[2470.8542 3393.0981]]

 [[2691.986  3389.0195]]

 [[2911.0408 3383.7898]]

 [[3127.9475 3377.0984]]

 [[3342.0183 3370.629 ]]

 [[3553.1082 3363.189 ]]

 [[3760.8948 3353.8262]]

 [[3964.9792 3343.9678]]]"
6,"[[ 0]
 [ 1]
 [ 2]
 [ 3]
 [ 4]
 [ 5]
 [ 6]
 [ 7]
 [ 8]
 [ 9]
 [10]
 [11]
 [12]
 [13]
 [14]
 [15]
 [16]
 [17]
 [18]
 [19]
 [20]
 [21]
 [22]
 [23]
 [24]
 [25]
 [26]
 [27]
 [28]
 [29]
 [30]
 [31]
 [32]
 [33]
 [34]
 [35]
 [36]
 [37]
 [38]
 [39]
 [40]
 [41]
 [42]
 [43]
 [44]
 [45]
 [46]
 [47]
 [48]
 [49]
 [50]
 [51]
 [52]
 [53]
 [54]
 [55]
 [56]
 [57]
 [58]
 [59]
 [60]
 [61]
 [62]
 [63]
 [64]
 [65]
 [66]
 [67]
 [68]
 [69]
 [70]
 [71]
 [72]
 [73]
 [74]
 [75]
 [76]
 [77]]","[[[3136.9143 2320.7407]]

 [[3350.8782 2316.9653]]

 [[3563.9214 2314.9126]]

 [[3776.3708 2312.0051]]

 [[3988.0022 2308.9944]]

 [[4199.082  2307.018 ]]

 [[4409.367  2304.0142]]

 [[4617.8267 2300.989 ]]

 [[4822.1304 2298.0295]]

 [[5019.3516 2293.026 ]]

 [[5205.992  2287.7075]]

 [[5377.226  2281.1677]]

 [[5532.769  2273.0542]]

 [[3143.9595 2537.015 ]]

 [[3359.8953 2533.0938]]

 [[3574.967  2530.1511]]

 [[3788.9612 2525.974 ]]

 [[4001.9248 2523.0076]]

 [[4214.1367 2519.994 ]]

 [[4424.8257 2515.9   ]]

 [[4632.816  2511.85  ]]

 [[4836.025  2506.8738]]

 [[5029.777  2500.428 ]]

 [[5212.955  2491.847 ]]

 [[5379.9854 2481.0017]]

 [[5530.7505 2468.2087]]

 [[3151.9812 2757.9446]]

 [[3369.93   2752.778 ]]

 [[3586.9763 2748.9363]]

 [[3802.0005 2744.6023]]

 [[4016.1958 2739.8245]]

 [[4229.112  2736.0583]]

 [[4439.9697 2730.9282]]

 [[4646.2266 2725.041 ]]

 [[4844.932  2717.089 ]]

 [[5034.954  2706.0554]]

 [[5210.923  2693.2146]]

 [[5373.058  2677.7097]]

 [[5519.3726 2660.1167]]

 [[3160.2598 2983.7368]]

 [[3380.1914 2977.314 ]]

 [[3598.27   2972.256 ]]

 [[3814.8945 2966.0874]]

 [[4029.985  2960.0212]]

 [[4241.929  2953.0159]]

 [[4450.8887 2944.8787]]

 [[4652.9434 2935.0251]]

 [[4847.0767 2922.8562]]

 [[5029.5947 2907.3533]]

 [[5199.253  2888.856 ]]

 [[5354.9854 2868.111 ]]

 [[5496.4736 2845.547 ]]

 [[3166.8535 3209.9412]]

 [[3389.0378 3202.8855]]

 [[3608.0496 3195.1213]]

 [[3825.0125 3187.0698]]

 [[4038.8215 3177.6924]]

 [[4249.091  3167.1072]]

 [[4452.995  3154.0337]]

 [[4649.3955 3138.5608]]

 [[4836.336  3120.386 ]]

 [[5011.5874 3098.9314]]

 [[5174.419  3074.9055]]

 [[5324.3667 3048.714 ]]

 [[5461.6855 3021.2048]]

 [[3174.0466 3428.9148]]

 [[3395.1086 3420.1729]]

 [[3614.1025 3409.262 ]]

 [[3829.0432 3397.79  ]]

 [[4039.795  3384.0044]]

 [[4244.965  3368.1328]]

 [[4442.559  3349.2656]]

 [[4632.1216 3328.0767]]

 [[4811.607  3303.9326]]

 [[4980.2407 3276.9834]]

 [[5137.041  3247.8684]]

 [[5282.539  3217.1116]]

 [[5416.4375 3185.2932]]]"
7,"[[ 0]
 [ 1]
 [ 2]
 [ 3]
 [ 4]
 [ 5]
 [ 6]
 [ 7]
 [ 8]
 [ 9]
 [10]
 [11]
 [12]
 [13]
 [14]
 [15]
 [16]
 [17]
 [18]
 [19]
 [20]
 [21]
 [22]
 [23]
 [24]
 [25]
 [26]
 [27]
 [28]
 [29]
 [30]
 [31]
 [32]
 [33]
 [34]
 [35]
 [36]
 [37]
 [38]
 [39]
 [40]
 [41]
 [42]
 [43]
 [44]
 [45]
 [46]
 [47]
 [48]
 [49]
 [50]
 [51]
 [52]
 [53]
 [54]
 [55]
 [56]
 [57]
 [58]
 [59]
 [60]
 [61]
 [62]
 [63]
 [64]
 [65]
 [66]
 [67]
 [68]
 [69]
 [70]
 [71]
 [72]
 [73]
 [74]
 [75]
 [76]
 [77]]","[[[3312.9875 2301.9797]]

 [[3530.1294 2301.8877]]

 [[3745.8918 2303.163 ]]

 [[3963.0967 2302.921 ]]

 [[4180.0464 2302.9136]]

 [[4397.105  2302.9058]]

 [[4613.1646 2302.8918]]

 [[4825.907  2301.9397]]

 [[5031.156  2301.27  ]]

 [[5224.805  2297.0635]]

 [[5404.0737 2292.9712]]

 [[5563.993  2286.6172]]

 [[5705.784  2279.0981]]

 [[3317.8909 2518.9326]]

 [[3536.1743 2518.899 ]]

 [[3754.145  2518.8977]]

 [[3972.175  2518.8967]]

 [[4189.832  2519.1086]]

 [[4408.1475 2518.9033]]

 [[4623.8867 2517.9424]]

 [[4835.131  2515.8892]]

 [[5036.782  2511.9368]]

 [[5226.9917 2505.9338]]

 [[5400.8774 2497.2417]]

 [[5557.902  2486.8105]]

 [[5696.807  2474.463 ]]

 [[3321.8257 2740.1013]]

 [[3542.1208 2740.0383]]

 [[3761.8093 2739.1035]]

 [[3982.0344 2738.9211]]

 [[4200.978  2737.946 ]]

 [[4417.822  2737.1023]]

 [[4631.9824 2734.5227]]

 [[4840.0767 2730.158 ]]

 [[5036.945  2722.1128]]

 [[5220.993  2711.905 ]]

 [[5388.622  2698.3674]]

 [[5540.2407 2682.5908]]

 [[5675.9556 2665.0217]]

 [[3327.0022 2965.9954]]

 [[3548.9863 2963.9812]]

 [[3770.0437 2963.063 ]]

 [[3990.9744 2960.9253]]

 [[4208.8154 2959.0977]]

 [[4424.9956 2955.008 ]]

 [[4635.105  2949.173 ]]

 [[4835.938  2939.8828]]

 [[5026.41   2927.2327]]

 [[5202.8496 2911.1545]]

 [[5364.241  2892.1477]]

 [[5510.684  2870.9429]]

 [[5642.944  2848.391 ]]

 [[3330.992  3192.0112]]

 [[3553.6794 3188.9736]]

 [[3775.9832 3185.9958]]

 [[3995.7422 3182.0027]]

 [[4212.018  3175.6455]]

 [[4423.04   3166.9163]]

 [[4626.529  3155.4604]]

 [[4820.489  3140.542 ]]

 [[5002.7046 3121.8948]]

 [[5171.854  3099.9717]]

 [[5327.2627 3075.5298]]

 [[5469.5425 3049.5454]]

 [[5598.7676 3022.0159]]

 [[3333.0876 3412.1072]]

 [[3554.796  3406.3127]]

 [[3775.03   3400.0488]]

 [[3991.9958 3390.9314]]

 [[4203.271  3379.982 ]]

 [[4408.004  3365.5164]]

 [[4604.2217 3347.681 ]]

 [[4790.611  3326.592 ]]

 [[4965.48   3302.1394]]

 [[5128.3105 3275.4868]]

 [[5278.801  3246.4612]]

 [[5417.455  3216.0168]]

 [[5545.118  3184.3867]]]"
8,"[[ 0]
 [ 1]
 [ 2]
 [ 3]
 [ 4]
 [ 5]
 [ 6]
 [ 7]
 [ 8]
 [ 9]
 [10]
 [11]
 [12]
 [13]
 [14]
 [15]
 [16]
 [17]
 [18]
 [19]
 [20]
 [21]
 [22]
 [23]
 [24]
 [25]
 [26]
 [27]
 [28]
 [29]
 [30]
 [31]
 [32]
 [33]
 [34]
 [35]
 [36]
 [37]
 [38]
 [39]
 [40]
 [41]
 [42]
 [43]
 [44]
 [45]
 [46]
 [47]
 [48]
 [49]
 [50]
 [51]
 [52]
 [53]
 [54]
 [55]
 [56]
 [57]
 [58]
 [59]
 [60]
 [61]
 [62]
 [63]
 [64]
 [65]
 [66]
 [67]
 [68]
 [69]
 [70]
 [71]
 [72]
 [73]
 [74]
 [75]
 [76]
 [77]]","[[[2233.9744 2323.3875]]

 [[2463.014  2321.0137]]

 [[2689.0986 2319.147 ]]

 [[2911.969  2315.8618]]

 [[3132.094  2315.1462]]

 [[3349.806  2313.0925]]

 [[3567.1743 2310.8982]]

 [[3782.3801 2310.021 ]]

 [[3997.0078 2309.0662]]

 [[4211.1724 2308.0056]]

 [[4424.0273 2306.199 ]]

 [[4634.8545 2304.96  ]]

 [[4840.8984 2302.9797]]

 [[2232.9922 2550.0027]]

 [[2464.0679 2546.2502]]

 [[2692.0088 2542.0088]]

 [[2917.027  2537.7385]]

 [[3138.98   2534.8213]]

 [[3359.0115 2533.0015]]

 [[3577.3943 2530.0017]]

 [[3794.9795 2527.923 ]]

 [[4011.043  2526.012 ]]

 [[4226.08   2524.    ]]

 [[4439.8535 2521.956 ]]

 [[4649.801  2518.8457]]

 [[4853.92   2514.8875]]

 [[2231.9739 2780.407 ]]

 [[2465.0066 2775.0066]]

 [[2695.0076 2770.0017]]

 [[2922.052  2764.9785]]

 [[3146.008  2760.9966]]

 [[3367.973  2757.0852]]

 [[3589.1472 2753.901 ]]

 [[3807.9458 2751.0051]]

 [[4025.882  2748.1047]]

 [[4241.188  2743.8594]]

 [[4454.2295 2739.9485]]

 [[4662.8926 2734.9568]]

 [[4863.0356 2728.0693]]

 [[2231.0474 3014.7925]]

 [[2465.983  3008.3958]]

 [[2698.0767 3001.907 ]]

 [[2927.119  2996.7375]]

 [[3153.0388 2991.0579]]

 [[3378.1445 2985.8982]]

 [[3599.8945 2981.0896]]

 [[3820.9497 2976.1194]]

 [[4038.978  2971.0063]]

 [[4253.858  2965.7104]]

 [[4464.9604 2957.7698]]

 [[4669.0454 2948.7922]]

 [[4863.163  2936.2178]]

 [[2234.1548 3246.073 ]]

 [[2467.906  3241.7568]]

 [[2701.0503 3235.7917]]

 [[2931.9763 3228.9993]]

 [[3159.847  3222.796 ]]

 [[3385.9512 3216.2673]]

 [[3610.264  3209.0872]]

 [[3829.9111 3200.9312]]

 [[4047.7705 3192.6177]]

 [[4259.9478 3182.0159]]

 [[4466.066  3169.9043]]

 [[4663.901  3154.4272]]

 [[4850.8496 3135.6765]]

 [[2244.173  3465.0107]]

 [[2476.0974 3462.926 ]]

 [[2707.0266 3459.0566]]

 [[2938.1445 3453.0615]]

 [[3165.9363 3445.109 ]]

 [[3392.208  3436.9666]]

 [[3614.0989 3427.1467]]

 [[3832.9277 3415.034 ]]

 [[4046.2014 3401.8682]]

 [[4253.828  3385.5781]]

 [[4453.554  3366.9053]]

 [[4644.0947 3345.109 ]]

 [[4823.9966 3320.467 ]]]"
9,"[[ 0]
 [ 1]
 [ 2]
 [ 3]
 [ 4]
 [ 5]
 [ 6]
 [ 7]
 [ 8]
 [ 9]
 [10]
 [11]
 [12]
 [13]
 [14]
 [15]
 [16]
 [17]
 [18]
 [19]
 [20]
 [21]
 [22]
 [23]
 [24]
 [25]
 [26]
 [27]
 [28]
 [29]
 [30]
 [31]
 [32]
 [33]
 [34]
 [35]
 [36]
 [37]
 [38]
 [39]
 [40]
 [41]
 [42]
 [43]
 [44]
 [45]
 [46]
 [47]
 [48]
 [49]
 [50]
 [51]
 [52]
 [53]
 [54]
 [55]
 [56]
 [57]
 [58]
 [59]
 [60]
 [61]
 [62]
 [63]
 [64]
 [65]
 [66]
 [67]
 [68]
 [69]
 [70]
 [71]
 [72]
 [73]
 [74]
 [75]
 [76]
 [77]]","[[[2549.1902 2301.9006]]

 [[2758.8545 2299.0916]]

 [[2965.7905 2296.955 ]]

 [[3168.0315 2295.0598]]

 [[3367.9797 2292.924 ]]

 [[3564.0046 2291.0217]]

 [[3758.1147 2290.05  ]]

 [[3950.1274 2287.992 ]]

 [[4139.8022 2287.032 ]]

 [[4327.4897 2285.9868]]

 [[4512.3286 2283.9668]]

 [[4693.4575 2281.9856]]

 [[4869.474  2279.984 ]]

 [[2554.7192 2515.9143]]

 [[2766.7896 2510.9634]]

 [[2974.3687 2506.9949]]

 [[3178.7896 2502.9626]]

 [[3379.2092 2499.0273]]

 [[3577.2131 2496.0168]]

 [[3772.8389 2492.945 ]]

 [[3965.5837 2490.0452]]

 [[4156.218  2486.7446]]

 [[4344.5923 2484.7107]]

 [[4529.2886 2480.8591]]

 [[4710.112  2478.1536]]

 [[4884.1514 2473.042 ]]

 [[2559.9631 2733.2095]]

 [[2774.2058 2726.9688]]

 [[2982.9915 2720.2964]]

 [[3188.9944 2715.2078]]

 [[3391.7273 2708.714 ]]

 [[3590.988  2703.825 ]]

 [[3788.055  2700.0574]]

 [[3982.0288 2694.9988]]

 [[4173.6353 2690.918 ]]

 [[4361.685  2686.1663]]

 [[4545.5933 2679.9885]]

 [[4724.207  2674.0557]]

 [[4895.7495 2665.7795]]

 [[2564.934  2954.955 ]]

 [[2781.2202 2946.7507]]

 [[2991.8992 2938.203 ]]

 [[3199.9194 2930.8894]]

 [[3403.9092 2922.9255]]

 [[3605.011  2915.905 ]]

 [[3803.1697 2909.5625]]

 [[3998.1724 2903.1042]]

 [[4189.5024 2896.0442]]

 [[4376.883  2888.1025]]

 [[4558.3115 2878.889 ]]

 [[4734.0615 2868.8213]]

 [[4899.982  2856.785 ]]

 [[2570.9746 3178.2095]]

 [[2787.813  3168.5913]]

 [[3001.0847 3158.6082]]

 [[3211.034  3148.908 ]]

 [[3415.9827 3138.8762]]

 [[3618.4795 3129.8528]]

 [[3817.12   3119.9336]]

 [[4011.0933 3110.0151]]

 [[4200.95   3099.0923]]

 [[4385.947  3087.147 ]]

 [[4563.9834 3073.7842]]

 [[4734.1016 3058.7036]]

 [[4895.115  3041.0786]]

 [[2580.0227 3395.299 ]]

 [[2797.3196 3385.0337]]

 [[3010.1155 3374.0452]]

 [[3219.845  3362.6858]]

 [[3425.8193 3350.702 ]]

 [[3628.005  3337.947 ]]

 [[3825.6917 3324.8203]]

 [[4017.9998 3310.3972]]

 [[4204.9717 3294.8357]]

 [[4385.4907 3277.5264]]

 [[4558.4653 3258.8062]]

 [[4723.018  3237.9429]]

 [[4878.275  3214.924 ]]]"
10,"[[ 0]
 [ 1]
 [ 2]
 [ 3]
 [ 4]
 [ 5]
 [ 6]
 [ 7]
 [ 8]
 [ 9]
 [10]
 [11]
 [12]
 [13]
 [14]
 [15]
 [16]
 [17]
 [18]
 [19]
 [20]
 [21]
 [22]
 [23]
 [24]
 [25]
 [26]
 [27]
 [28]
 [29]
 [30]
 [31]
 [32]
 [33]
 [34]
 [35]
 [36]
 [37]
 [38]
 [39]
 [40]
 [41]
 [42]
 [43]
 [44]
 [45]
 [46]
 [47]
 [48]
 [49]
 [50]
 [51]
 [52]
 [53]
 [54]
 [55]
 [56]
 [57]
 [58]
 [59]
 [60]
 [61]
 [62]
 [63]
 [64]
 [65]
 [66]
 [67]
 [68]
 [69]
 [70]
 [71]
 [72]
 [73]
 [74]
 [75]
 [76]
 [77]]","[[[2862.9949 2314.9954]]

 [[3080.0088 2314.0088]]

 [[3295.108  2313.0474]]

 [[3508.926  2313.2576]]

 [[3722.0981 2311.9226]]

 [[3933.7917 2311.956 ]]

 [[4145.029  2310.9326]]

 [[4355.0015 2311.0693]]

 [[4563.906  2309.9846]]

 [[4769.0063 2309.0642]]

 [[4967.9717 2307.014 ]]

 [[5157.0967 2303.9016]]

 [[5332.0283 2298.7847]]

 [[2865.816  2534.108 ]]

 [[3084.8696 2532.0994]]

 [[3301.903  2530.079 ]]

 [[3518.106  2527.9092]]

 [[3731.9966 2526.9978]]

 [[3945.0967 2526.079 ]]

 [[4158.048  2524.915 ]]

 [[4368.9077 2524.0005]]

 [[4577.524  2521.987 ]]

 [[4781.377  2519.1746]]

 [[4978.1895 2514.902 ]]

 [[5163.074  2509.1653]]

 [[5333.9443 2500.6282]]

 [[2870.136  2756.896 ]]

 [[3091.1924 2753.922 ]]

 [[3309.9841 2750.935 ]]

 [[3527.0503 2747.9795]]

 [[3742.9854 2745.9998]]

 [[3958.0422 2743.9136]]

 [[4171.009  2742.0242]]

 [[4382.009  2739.0193]]

 [[4588.9917 2735.7378]]

 [[4789.939  2730.0059]]

 [[4981.899  2721.8328]]

 [[5160.8325 2711.4548]]

 [[5326.1646 2698.6191]]

 [[2872.9036 2983.854 ]]

 [[3096.0017 2979.9797]]

 [[3317.0044 2975.9905]]

 [[3536.024  2972.0767]]

 [[3754.3123 2969.0242]]

 [[3969.3596 2964.999 ]]

 [[4182.4917 2960.523 ]]

 [[4391.987  2954.9934]]

 [[4596.077  2947.0107]]

 [[4790.837  2937.1455]]

 [[4976.343  2924.393 ]]

 [[5148.8926 2908.5598]]

 [[5307.17   2889.8044]]

 [[2875.987  3213.0183]]

 [[3101.008  3207.9993]]

 [[3323.9695 3201.935 ]]

 [[3543.821  3197.1301]]

 [[3762.0466 3191.208 ]]

 [[3977.087  3184.1533]]

 [[4187.995  3175.619 ]]

 [[4394.08   3165.004 ]]

 [[4592.105  3152.326 ]]

 [[4780.617  3136.358 ]]

 [[4958.317  3117.3086]]

 [[5123.7607 3095.3289]]

 [[5276.3667 3071.4207]]

 [[2880.5256 3434.0112]]

 [[3104.9585 3428.0732]]

 [[3327.9177 3420.8442]]

 [[3547.994  3412.995 ]]

 [[3763.9727 3403.3958]]

 [[3976.6123 3392.0732]]

 [[4183.0034 3378.4512]]

 [[4383.0874 3362.4504]]

 [[4574.556  3343.2954]]

 [[4756.0806 3321.1074]]

 [[4926.8433 3296.256 ]]

 [[5085.92   3269.2712]]

 [[5233.7627 3240.1873]]]"
11,"[[ 0]
 [ 1]
 [ 2]
 [ 3]
 [ 4]
 [ 5]
 [ 6]
 [ 7]
 [ 8]
 [ 9]
 [10]
 [11]
 [12]
 [13]
 [14]
 [15]
 [16]
 [17]
 [18]
 [19]
 [20]
 [21]
 [22]
 [23]
 [24]
 [25]
 [26]
 [27]
 [28]
 [29]
 [30]
 [31]
 [32]
 [33]
 [34]
 [35]
 [36]
 [37]
 [38]
 [39]
 [40]
 [41]
 [42]
 [43]
 [44]
 [45]
 [46]
 [47]
 [48]
 [49]
 [50]
 [51]
 [52]
 [53]
 [54]
 [55]
 [56]
 [57]
 [58]
 [59]
 [60]
 [61]
 [62]
 [63]
 [64]
 [65]
 [66]
 [67]
 [68]
 [69]
 [70]
 [71]
 [72]
 [73]
 [74]
 [75]
 [76]
 [77]]","[[[2695.8855 2287.1628]]

 [[2902.0046 2287.003 ]]

 [[3107.0083 2288.0073]]

 [[3311.012  2289.003 ]]

 [[3515.0173 2290.0059]]

 [[3720.0857 2291.904 ]]

 [[3924.4917 2293.0154]]

 [[4130.0015 2294.9822]]

 [[4336.1904 2295.9001]]

 [[4541.4736 2297.0132]]

 [[4744.94   2298.0784]]

 [[4943.9053 2298.0894]]

 [[5135.1523 2296.912 ]]

 [[2693.9966 2491.008 ]]

 [[2900.9697 2491.6362]]

 [[3107.7905 2491.9773]]

 [[3313.1035 2493.0623]]

 [[3519.0068 2494.0095]]

 [[3725.0037 2494.9888]]

 [[3931.1003 2497.0654]]

 [[4137.9478 2498.0056]]

 [[4345.135  2499.8948]]

 [[4550.8853 2500.9504]]

 [[4753.6074 2500.98  ]]

 [[4950.21   2499.0435]]

 [[5137.987  2496.019 ]]

 [[2691.0078 2700.0054]]

 [[2900.002  2699.9824]]

 [[3109.1833 2699.8804]]

 [[3315.992  2699.992 ]]

 [[3523.9873 2701.0095]]

 [[3730.8938 2702.0913]]

 [[3938.979  2704.0042]]

 [[4146.9004 2704.9377]]

 [[4353.792  2705.9514]]

 [[4558.6104 2706.193 ]]

 [[4758.99   2704.0142]]

 [[4952.081  2700.157 ]]

 [[5133.6436 2692.616 ]]

 [[2687.9888 2912.0115]]

 [[2899.005  2911.9832]]

 [[3109.999  2912.0083]]

 [[3319.0017 2911.98  ]]

 [[3528.6257 2912.0012]]

 [[3737.7925 2912.9482]]

 [[3945.8093 2913.1018]]

 [[4153.98   2913.9902]]

 [[4360.0947 2913.1746]]

 [[4561.979  2909.9988]]

 [[4757.97   2905.0647]]

 [[4945.645  2897.0005]]

 [[5121.358  2885.6145]]

 [[2686.163  3127.1094]]

 [[2897.972  3126.3623]]

 [[3109.9941 3126.006 ]]

 [[3321.987  3126.0164]]

 [[3531.8948 3125.0938]]

 [[3741.9575 3124.1055]]

 [[3951.0066 3122.9944]]

 [[4157.1045 3121.1436]]

 [[4359.8413 3115.7053]]

 [[4557.9585 3109.0325]]

 [[4747.957  3099.2192]]

 [[4928.1025 3086.0947]]

 [[5096.7925 3069.4219]]

 [[2684.0046 3337.9995]]

 [[2898.0073 3337.9954]]

 [[3111.0046 3336.993 ]]

 [[3322.9958 3335.9922]]

 [[3532.894  3333.9097]]

 [[3743.2083 3331.1663]]

 [[3949.009  3325.9236]]

 [[4152.682  3319.076 ]]

 [[4350.613  3309.909 ]]

 [[4542.117  3297.8481]]

 [[4725.1543 3282.2573]]

 [[4898.169  3263.2847]]

 [[5060.3413 3241.5344]]]"
12,"[[ 0]
 [ 1]
 [ 2]
 [ 3]
 [ 4]
 [ 5]
 [ 6]
 [ 7]
 [ 8]
 [ 9]
 [10]
 [11]
 [12]
 [13]
 [14]
 [15]
 [16]
 [17]
 [18]
 [19]
 [20]
 [21]
 [22]
 [23]
 [24]
 [25]
 [26]
 [27]
 [28]
 [29]
 [30]
 [31]
 [32]
 [33]
 [34]
 [35]
 [36]
 [37]
 [38]
 [39]
 [40]
 [41]
 [42]
 [43]
 [44]
 [45]
 [46]
 [47]
 [48]
 [49]
 [50]
 [51]
 [52]
 [53]
 [54]
 [55]
 [56]
 [57]
 [58]
 [59]
 [60]
 [61]
 [62]
 [63]
 [64]
 [65]
 [66]
 [67]
 [68]
 [69]
 [70]
 [71]
 [72]
 [73]
 [74]
 [75]
 [76]
 [77]]","[[[2862.0554 2314.9832]]

 [[3079.0076 2314.003 ]]

 [[3294.0085 2312.9954]]

 [[3507.976  2311.925 ]]

 [[3719.9014 2312.097 ]]

 [[3932.13   2310.9111]]

 [[4143.0044 2311.0193]]

 [[4353.2124 2311.0273]]

 [[4562.005  2309.9983]]

 [[4767.0283 2309.075 ]]

 [[4965.9077 2307.0884]]

 [[5155.2236 2303.5945]]

 [[5330.0015 2299.0085]]

 [[2864.9956 2532.9924]]

 [[3084.0083 2530.995 ]]

 [[3300.9863 2528.989 ]]

 [[3515.9514 2528.0842]]

 [[3730.3796 2526.9941]]

 [[3943.9722 2525.9387]]

 [[4156.0347 2525.0098]]

 [[4367.041  2523.0015]]

 [[4575.8867 2521.9456]]

 [[4779.887  2518.9404]]

 [[4976.103  2515.1912]]

 [[5160.999  2508.4644]]

 [[5331.912  2499.9622]]

 [[2867.9807 2755.945 ]]

 [[3088.8167 2753.108 ]]

 [[3307.826  2750.0952]]

 [[3525.623  2747.9827]]

 [[3741.5723 2746.1033]]

 [[3956.0037 2744.254 ]]

 [[4169.126  2741.044 ]]

 [[4380.1094 2739.065 ]]

 [[4587.462  2735.0188]]

 [[4788.0986 2729.636 ]]

 [[4980.057  2721.8862]]

 [[5159.3867 2711.089 ]]

 [[5324.3726 2697.9932]]

 [[2871.3735 2984.0156]]

 [[3094.9841 2978.7407]]

 [[3315.9646 2974.69  ]]

 [[3535.259  2972.0803]]

 [[3752.0278 2968.076 ]]

 [[3968.145  2963.8975]]

 [[4181.164  2959.875 ]]

 [[4389.8667 2953.9092]]

 [[4594.103  2947.1313]]

 [[4790.127  2937.12  ]]

 [[4974.98   2923.9543]]

 [[5147.2627 2907.9856]]

 [[5305.9673 2889.2932]]

 [[2874.9954 3212.64  ]]

 [[3099.9998 3206.9917]]

 [[3322.2979 3202.2893]]

 [[3543.1582 3195.919 ]]

 [[3761.1448 3189.898 ]]

 [[3975.9656 3182.6707]]

 [[4187.3184 3175.0452]]

 [[4392.045  3164.7905]]

 [[4589.9937 3151.725 ]]

 [[4779.0527 3135.726 ]]

 [[4956.9917 3116.865 ]]

 [[5122.4697 3095.0898]]

 [[5274.904  3070.8423]]

 [[2878.8777 3433.1404]]

 [[3103.9807 3427.5278]]

 [[3327.002  3420.4167]]

 [[3546.948  3411.8694]]

 [[3763.095  3403.0845]]

 [[3975.008  3391.4902]]

 [[4181.9683 3378.015 ]]

 [[4381.4155 3361.605 ]]

 [[4573.0103 3342.6733]]

 [[4754.6816 3320.8167]]

 [[4925.431  3295.909 ]]

 [[5084.7734 3268.8323]]

 [[5232.375  3239.9226]]]"
13,"[[ 0]
 [ 1]
 [ 2]
 [ 3]
 [ 4]
 [ 5]
 [ 6]
 [ 7]
 [ 8]
 [ 9]
 [10]
 [11]
 [12]
 [13]
 [14]
 [15]
 [16]
 [17]
 [18]
 [19]
 [20]
 [21]
 [22]
 [23]
 [24]
 [25]
 [26]
 [27]
 [28]
 [29]
 [30]
 [31]
 [32]
 [33]
 [34]
 [35]
 [36]
 [37]
 [38]
 [39]
 [40]
 [41]
 [42]
 [43]
 [44]
 [45]
 [46]
 [47]
 [48]
 [49]
 [50]
 [51]
 [52]
 [53]
 [54]
 [55]
 [56]
 [57]
 [58]
 [59]
 [60]
 [61]
 [62]
 [63]
 [64]
 [65]
 [66]
 [67]
 [68]
 [69]
 [70]
 [71]
 [72]
 [73]
 [74]
 [75]
 [76]
 [77]]","[[[2652.008  2312.9954]]

 [[2869.983  2311.9888]]

 [[3084.8257 2310.1018]]

 [[3298.146  2308.9006]]

 [[3507.8308 2308.094 ]]

 [[3717.0974 2307.926 ]]

 [[3924.0154 2306.9937]]

 [[4129.9688 2306.0134]]

 [[4334.5996 2305.9836]]

 [[4537.073  2304.999 ]]

 [[4736.0728 2303.9941]]

 [[4929.0093 2302.0195]]

 [[5113.0864 2299.0654]]

 [[2654.9512 2533.0034]]

 [[2875.0068 2530.004 ]]

 [[3092.0078 2526.9985]]

 [[3305.8257 2525.1055]]

 [[3517.9744 2523.1475]]

 [[3728.2183 2521.0156]]

 [[3937.0315 2519.0095]]

 [[4144.072  2518.0547]]

 [[4349.4814 2515.9817]]

 [[4552.0728 2513.995 ]]

 [[4749.9917 2511.0042]]

 [[4940.9326 2506.3748]]

 [[5120.9976 2500.4817]]

 [[2658.008  2756.9963]]

 [[2880.0076 2752.0042]]

 [[3098.9885 2747.9856]]

 [[3315.019  2743.9866]]

 [[3529.175  2740.8982]]

 [[3741.0356 2737.9211]]

 [[3950.9797 2734.9292]]

 [[4158.9062 2731.9805]]

 [[4364.192  2729.1301]]

 [[4565.1836 2723.8154]]

 [[4761.041  2718.1086]]

 [[4947.03   2710.7886]]

 [[5122.697  2700.3098]]

 [[2661.0034 2984.9924]]

 [[2885.0024 2979.0083]]

 [[3105.932  2973.039 ]]

 [[3323.952  2968.0164]]

 [[3540.037  2962.9363]]

 [[3752.7688 2958.1472]]

 [[3964.0967 2953.3655]]

 [[4172.104  2947.907 ]]

 [[4376.1943 2941.933 ]]

 [[4574.0605 2933.8892]]

 [[4765.0093 2923.368 ]]

 [[4944.9316 2910.5605]]

 [[5113.9756 2895.223 ]]

 [[2664.5515 3213.773 ]]

 [[2889.9424 3207.0347]]

 [[3112.9504 3199.868 ]]

 [[3331.9438 3193.0303]]

 [[3548.7324 3185.9297]]

 [[3763.1013 3179.1743]]

 [[3973.4314 3170.8708]]

 [[4179.3755 3160.9949]]

 [[4379.9287 3149.9817]]

 [[4572.83   3136.6646]]

 [[4757.469  3120.8132]]

 [[4931.336  3102.1616]]

 [[5093.077  3080.9004]]

 [[2671.1758 3434.9575]]

 [[2896.0059 3428.0232]]

 [[3118.7368 3419.7788]]

 [[3337.7505 3411.4395]]

 [[3554.9922 3401.6362]]

 [[3767.0105 3390.4666]]

 [[3975.0225 3377.9153]]

 [[4176.893  3363.2651]]

 [[4372.5103 3346.7776]]

 [[4559.4043 3327.048 ]]

 [[4736.965  3304.959 ]]

 [[4903.888  3280.4092]]

 [[5059.8774 3253.7847]]]"
14,"[[ 0]
 [ 1]
 [ 2]
 [ 3]
 [ 4]
 [ 5]
 [ 6]
 [ 7]
 [ 8]
 [ 9]
 [10]
 [11]
 [12]
 [13]
 [14]
 [15]
 [16]
 [17]
 [18]
 [19]
 [20]
 [21]
 [22]
 [23]
 [24]
 [25]
 [26]
 [27]
 [28]
 [29]
 [30]
 [31]
 [32]
 [33]
 [34]
 [35]
 [36]
 [37]
 [38]
 [39]
 [40]
 [41]
 [42]
 [43]
 [44]
 [45]
 [46]
 [47]
 [48]
 [49]
 [50]
 [51]
 [52]
 [53]
 [54]
 [55]
 [56]
 [57]
 [58]
 [59]
 [60]
 [61]
 [62]
 [63]
 [64]
 [65]
 [66]
 [67]
 [68]
 [69]
 [70]
 [71]
 [72]
 [73]
 [74]
 [75]
 [76]
 [77]]","[[[3011.467  2291.0078]]

 [[3215.7927 2289.9507]]

 [[3418.162  2289.9263]]

 [[3619.0837 2289.9058]]

 [[3818.6262 2289.9978]]

 [[4017.5176 2290.9944]]

 [[4215.625  2290.9824]]

 [[4412.475  2290.9946]]

 [[4607.52   2290.9976]]

 [[4798.974  2289.926 ]]

 [[4984.0513 2288.9153]]

 [[5159.506  2286.4949]]

 [[5323.     2283.017 ]]

 [[3015.9854 2497.0017]]

 [[3221.7915 2495.964 ]]

 [[3425.1008 2495.041 ]]

 [[3628.0515 2493.9155]]

 [[3829.1018 2492.9136]]

 [[4029.0044 2493.0193]]

 [[4228.037  2492.01  ]]

 [[4425.907  2491.9285]]

 [[4620.111  2489.8992]]

 [[4810.4795 2487.982 ]]

 [[4993.014  2485.073 ]]

 [[5166.087  2480.045 ]]

 [[5326.0913 2473.1067]]

 [[3020.3662 2706.994 ]]

 [[3227.9978 2705.0022]]

 [[3433.2112 2703.0505]]

 [[3637.2124 2701.0378]]

 [[3839.9807 2700.02  ]]

 [[4041.1174 2698.053 ]]

 [[4241.053  2697.0771]]

 [[4438.036  2694.0762]]

 [[4631.9253 2690.7402]]

 [[4819.0347 2687.0696]]

 [[4998.001  2679.9915]]

 [[5165.9927 2671.0315]]

 [[5321.0947 2660.1152]]

 [[3025.0847 2922.1514]]

 [[3233.8936 2918.0845]]

 [[3442.0347 2914.91  ]]

 [[3646.9575 2912.0874]]

 [[3850.8547 2909.1   ]]

 [[4052.8638 2906.094 ]]

 [[4252.2363 2901.9365]]

 [[4447.913  2898.1626]]

 [[4638.774  2890.8328]]

 [[4821.6553 2883.0007]]

 [[4995.1714 2871.8638]]

 [[5156.7393 2858.0752]]

 [[5306.0557 2842.1418]]

 [[3029.5925 3138.8428]]

 [[3240.613  3134.0166]]

 [[3449.0215 3129.074 ]]

 [[3655.9817 3123.97  ]]

 [[3859.8252 3119.1016]]

 [[4061.72   3112.721 ]]

 [[4258.8955 3105.8093]]

 [[4451.0503 3096.9575]]

 [[4636.9927 3086.0889]]

 [[4814.061  3072.5876]]

 [[4980.934  3056.0657]]

 [[5136.64   3037.1465]]

 [[5280.5757 3016.2422]]

 [[3033.9963 3352.006 ]]

 [[3245.5938 3346.2007]]

 [[3455.1426 3338.9019]]

 [[3661.0374 3331.8877]]

 [[3863.8918 3322.8108]]

 [[4062.9163 3312.9062]]

 [[4257.111  3301.172 ]]

 [[4444.166  3287.0322]]

 [[4623.986  3270.5674]]

 [[4794.435  3251.0674]]

 [[4955.0356 3229.2654]]

 [[5105.0024 3205.5017]]

 [[5244.1646 3179.8108]]]"
15,"[[ 0]
 [ 1]
 [ 2]
 [ 3]
 [ 4]
 [ 5]
 [ 6]
 [ 7]
 [ 8]
 [ 9]
 [10]
 [11]
 [12]
 [13]
 [14]
 [15]
 [16]
 [17]
 [18]
 [19]
 [20]
 [21]
 [22]
 [23]
 [24]
 [25]
 [26]
 [27]
 [28]
 [29]
 [30]
 [31]
 [32]
 [33]
 [34]
 [35]
 [36]
 [37]
 [38]
 [39]
 [40]
 [41]
 [42]
 [43]
 [44]
 [45]
 [46]
 [47]
 [48]
 [49]
 [50]
 [51]
 [52]
 [53]
 [54]
 [55]
 [56]
 [57]
 [58]
 [59]
 [60]
 [61]
 [62]
 [63]
 [64]
 [65]
 [66]
 [67]
 [68]
 [69]
 [70]
 [71]
 [72]
 [73]
 [74]
 [75]
 [76]
 [77]]","[[[2142.099  2310.1465]]

 [[2364.9895 2307.9846]]

 [[2583.9268 2307.0283]]

 [[2800.995  2306.989 ]]

 [[3015.0515 2305.9805]]

 [[3226.9692 2305.9285]]

 [[3437.1594 2305.92  ]]

 [[3646.0854 2305.905 ]]

 [[3853.9905 2305.9246]]

 [[4061.0334 2305.9775]]

 [[4267.2095 2306.0454]]

 [[4472.7905 2305.9717]]

 [[4675.21   2306.0437]]

 [[2138.9932 2529.0051]]

 [[2363.991  2526.014 ]]

 [[2584.9922 2523.9834]]

 [[2803.008  2521.9963]]

 [[3019.0076 2520.004 ]]

 [[3232.6165 2518.9863]]

 [[3444.0183 2518.0745]]

 [[3655.1743 2516.9006]]

 [[3864.0195 2516.0757]]

 [[4073.0613 2515.9194]]

 [[4280.009  2515.063 ]]

 [[4485.913  2513.717 ]]

 [[4688.0254 2512.9749]]

 [[2136.1904 2752.096 ]]

 [[2361.9834 2748.016 ]]

 [[2585.0942 2745.1042]]

 [[2805.9824 2740.942 ]]

 [[3022.9358 2738.1074]]

 [[3239.1738 2735.8938]]

 [[3452.353  2734.0225]]

 [[3664.9712 2731.9287]]

 [[3875.967  2730.933 ]]

 [[4085.1184 2729.0508]]

 [[4292.903  2726.8174]]

 [[4498.027  2724.9836]]

 [[4698.058  2721.0332]]

 [[2133.0005 2978.014 ]]

 [[2359.9775 2973.994 ]]

 [[2584.9338 2968.9646]]

 [[2808.0056 2965.0222]]

 [[3027.4912 2960.981 ]]

 [[3245.0437 2957.791 ]]

 [[3461.105  2953.9084]]

 [[3674.7893 2950.9639]]

 [[3886.986  2947.923 ]]

 [[4096.9854 2944.9158]]

 [[4303.4946 2940.0396]]

 [[4506.06   2934.9631]]

 [[4702.0684 2926.9944]]

 [[2133.095  3203.0544]]

 [[2360.9917 3199.546 ]]

 [[2586.1147 3195.0398]]

 [[2809.9812 3190.3694]]

 [[3032.1355 3186.0342]]

 [[3251.0073 3181.0598]]

 [[3468.0024 3175.992 ]]

 [[3683.3013 3170.9766]]

 [[3895.0635 3164.9958]]

 [[4103.204  3158.0276]]

 [[4308.0405 3149.898 ]]

 [[4505.483  3138.9988]]

 [[4695.162  3125.4165]]

 [[2141.9485 3415.9304]]

 [[2365.8115 3416.108 ]]

 [[2590.5273 3412.8875]]

 [[2813.9824 3408.9446]]

 [[3036.169  3403.8928]]

 [[3254.9954 3398.0078]]

 [[3472.098  3391.147 ]]

 [[3685.9875 3382.6353]]

 [[3896.092  3373.1538]]

 [[4101.1313 3361.049 ]]

 [[4300.9336 3347.5454]]

 [[4492.585  3330.7488]]

 [[4675.6685 3311.5051]]]"
16,"[[ 0]
 [ 1]
 [ 2]
 [ 3]
 [ 4]
 [ 5]
 [ 6]
 [ 7]
 [ 8]
 [ 9]
 [10]
 [11]
 [12]
 [13]
 [14]
 [15]
 [16]
 [17]
 [18]
 [19]
 [20]
 [21]
 [22]
 [23]
 [24]
 [25]
 [26]
 [27]
 [28]
 [29]
 [30]
 [31]
 [32]
 [33]
 [34]
 [35]
 [36]
 [37]
 [38]
 [39]
 [40]
 [41]
 [42]
 [43]
 [44]
 [45]
 [46]
 [47]
 [48]
 [49]
 [50]
 [51]
 [52]
 [53]
 [54]
 [55]
 [56]
 [57]
 [58]
 [59]
 [60]
 [61]
 [62]
 [63]
 [64]
 [65]
 [66]
 [67]
 [68]
 [69]
 [70]
 [71]
 [72]
 [73]
 [74]
 [75]
 [76]
 [77]]","[[[3052.6882 2328.0994]]

 [[3269.8555 2324.1018]]

 [[3486.174  2319.9023]]

 [[3700.798  2315.9954]]

 [[3914.8894 2311.9382]]

 [[4128.3843 2308.0283]]

 [[4341.6294 2303.9976]]

 [[4553.266  2300.0225]]

 [[4762.264  2296.1873]]

 [[4964.52   2290.019 ]]

 [[5157.011  2284.0222]]

 [[5335.6787 2275.919 ]]

 [[5497.7    2267.3718]]

 [[3060.911  2546.849 ]]

 [[3280.1467 2541.9038]]

 [[3496.8962 2537.0923]]

 [[3713.502  2531.9854]]

 [[3929.099  2528.011 ]]

 [[4144.076  2523.383 ]]

 [[4358.033  2518.994 ]]

 [[4569.7803 2514.0261]]

 [[4777.067  2508.0564]]

 [[4976.984  2500.895 ]]

 [[5165.915  2490.954 ]]

 [[5339.985  2479.867 ]]

 [[5497.9126 2466.532 ]]

 [[3069.045  2770.7903]]

 [[3289.9888 2763.6904]]

 [[3508.812  2758.2417]]

 [[3727.0356 2753.0662]]

 [[3944.2195 2747.8333]]

 [[4160.1685 2742.0151]]

 [[4373.9746 2735.8423]]

 [[4584.2085 2728.8462]]

 [[4789.226  2720.5596]]

 [[4984.0503 2709.8855]]

 [[5167.018  2696.201 ]]

 [[5335.1206 2680.1257]]

 [[5487.9434 2661.8977]]

 [[3076.7366 2997.918 ]]

 [[3300.0237 2991.1729]]

 [[3521.1318 2984.3247]]

 [[3741.0654 2976.9216]]

 [[3959.141  2970.0693]]

 [[4174.2305 2961.9458]]

 [[4387.018  2953.4731]]

 [[4594.053  2942.9114]]

 [[4792.9956 2930.0088]]

 [[4981.034  2914.1006]]

 [[5157.1665 2895.2139]]

 [[5318.9155 2873.9353]]

 [[5466.0703 2850.3965]]

 [[3085.098  3227.1472]]

 [[3309.2056 3217.8076]]

 [[3532.08   3208.9177]]

 [[3752.0327 3199.6982]]

 [[3968.7458 3189.9646]]

 [[4183.0835 3179.0537]]

 [[4391.0073 3165.6162]]

 [[4592.427  3149.6003]]

 [[4784.783  3130.8867]]

 [[4965.7827 3109.089 ]]

 [[5134.204  3084.4983]]

 [[5289.7344 3057.3667]]

 [[5432.2065 3028.9219]]

 [[3091.9734 3447.0828]]

 [[3316.2788 3437.2576]]

 [[3538.0935 3426.0933]]

 [[3756.9434 3413.2065]]

 [[3971.0005 3399.1665]]

 [[4180.1333 3382.8396]]

 [[4382.9946 3363.8772]]

 [[4577.4614 3342.0881]]

 [[4762.108  3317.2493]]

 [[4936.1147 3289.8723]]

 [[5098.155  3260.08  ]]

 [[5248.568  3228.4268]]

 [[5387.524  3195.6318]]]"
17,"[[ 0]
 [ 1]
 [ 2]
 [ 3]
 [ 4]
 [ 5]
 [ 6]
 [ 7]
 [ 8]
 [ 9]
 [10]
 [11]
 [12]
 [13]
 [14]
 [15]
 [16]
 [17]
 [18]
 [19]
 [20]
 [21]
 [22]
 [23]
 [24]
 [25]
 [26]
 [27]
 [28]
 [29]
 [30]
 [31]
 [32]
 [33]
 [34]
 [35]
 [36]
 [37]
 [38]
 [39]
 [40]
 [41]
 [42]
 [43]
 [44]
 [45]
 [46]
 [47]
 [48]
 [49]
 [50]
 [51]
 [52]
 [53]
 [54]
 [55]
 [56]
 [57]
 [58]
 [59]
 [60]
 [61]
 [62]
 [63]
 [64]
 [65]
 [66]
 [67]
 [68]
 [69]
 [70]
 [71]
 [72]
 [73]
 [74]
 [75]
 [76]
 [77]]","[[[3010.8538 2291.1   ]]

 [[3215.1042 2291.0486]]

 [[3418.102  2290.9048]]

 [[3618.792  2290.9548]]

 [[3818.1184 2291.0608]]

 [[4016.9673 2291.0728]]

 [[4215.1055 2291.0654]]

 [[4412.02   2291.0823]]

 [[4607.0073 2291.067 ]]

 [[4798.616  2290.9958]]

 [[4983.473  2288.9949]]

 [[5158.894  2287.0864]]

 [[5323.039  2282.873 ]]

 [[3015.9817 2497.0105]]

 [[3221.039  2496.0784]]

 [[3424.827  2495.1108]]

 [[3627.4688 2494.0164]]

 [[3828.969  2493.5479]]

 [[4029.0632 2492.9204]]

 [[4227.966  2492.9873]]

 [[4425.2085 2492.0403]]

 [[4620.043  2491.016 ]]

 [[4809.9863 2488.8784]]

 [[4993.0137 2484.993 ]]

 [[5166.1753 2479.9568]]

 [[5326.194  2473.1355]]

 [[3019.682  2707.1982]]

 [[3228.1052 2704.906 ]]

 [[3432.8542 2703.0908]]

 [[3636.8684 2701.104 ]]

 [[3840.0938 2699.903 ]]

 [[4041.003  2698.0156]]

 [[4241.0034 2696.9421]]

 [[4438.0127 2695.0208]]

 [[4631.29   2691.6206]]

 [[4819.053  2687.031 ]]

 [[4997.8975 2679.8557]]

 [[5165.665  2671.1865]]

 [[5320.682  2660.4192]]

 [[3025.0034 2922.0073]]

 [[3233.9932 2918.0107]]

 [[3441.5017 2915.0183]]

 [[3646.8533 2912.093 ]]

 [[3851.1743 2908.899 ]]

 [[4053.106  2905.9077]]

 [[4251.966  2903.081 ]]

 [[4448.051  2897.9792]]

 [[4638.0054 2891.36  ]]

 [[4821.087  2883.1323]]

 [[4994.5444 2871.8887]]

 [[5156.5063 2858.3945]]

 [[5305.8228 2842.2   ]]

 [[3028.9011 3139.257 ]]

 [[3239.895  3134.0867]]

 [[3448.9636 3129.014 ]]

 [[3656.0298 3123.8477]]

 [[3859.9126 3118.8474]]

 [[4060.7605 3113.1418]]

 [[4258.91   3105.8945]]

 [[4451.0093 3097.393 ]]

 [[4637.0674 3086.2043]]

 [[4813.702  3072.5269]]

 [[4980.757  3056.491 ]]

 [[5136.0996 3037.4414]]

 [[5280.2026 3016.494 ]]

 [[3034.0955 3351.9116]]

 [[3244.9849 3345.9917]]

 [[3454.004  3338.8643]]

 [[3661.0837 3332.1047]]

 [[3863.9048 3322.8965]]

 [[4062.9248 3312.9753]]

 [[4256.82   3301.3167]]

 [[4444.022  3287.3293]]

 [[4623.3594 3270.314 ]]

 [[4794.1055 3251.1355]]

 [[4954.644  3229.3875]]

 [[5104.7114 3205.5244]]

 [[5243.849  3180.1614]]]"
18,"[[ 0]
 [ 1]
 [ 2]
 [ 3]
 [ 4]
 [ 5]
 [ 6]
 [ 7]
 [ 8]
 [ 9]
 [10]
 [11]
 [12]
 [13]
 [14]
 [15]
 [16]
 [17]
 [18]
 [19]
 [20]
 [21]
 [22]
 [23]
 [24]
 [25]
 [26]
 [27]
 [28]
 [29]
 [30]
 [31]
 [32]
 [33]
 [34]
 [35]
 [36]
 [37]
 [38]
 [39]
 [40]
 [41]
 [42]
 [43]
 [44]
 [45]
 [46]
 [47]
 [48]
 [49]
 [50]
 [51]
 [52]
 [53]
 [54]
 [55]
 [56]
 [57]
 [58]
 [59]
 [60]
 [61]
 [62]
 [63]
 [64]
 [65]
 [66]
 [67]
 [68]
 [69]
 [70]
 [71]
 [72]
 [73]
 [74]
 [75]
 [76]
 [77]]","[[[3049.9478 2324.0747]]

 [[3267.2156 2321.013 ]]

 [[3482.809  2317.4094]]

 [[3697.763  2313.976 ]]

 [[3912.494  2311.5256]]

 [[4126.7886 2308.9692]]

 [[4340.0723 2306.0544]]

 [[4552.7915 2302.9575]]

 [[4761.8584 2299.0059]]

 [[4965.1465 2295.1558]]

 [[5157.8584 2289.0889]]

 [[5336.683  2282.028 ]]

 [[5499.413  2273.8735]]

 [[3057.0054 2542.983 ]]

 [[3276.2373 2538.607 ]]

 [[3493.2102 2535.1016]]

 [[3710.1072 2530.9172]]

 [[3925.9905 2527.2878]]

 [[4141.098  2524.01  ]]

 [[4355.9277 2521.1353]]

 [[4568.054  2517.1543]]

 [[4776.075  2512.0498]]

 [[4976.7236 2504.874 ]]

 [[5166.049  2496.7927]]

 [[5341.018  2486.0051]]

 [[5498.9673 2473.418 ]]

 [[3064.0083 2765.9963]]

 [[3285.206  2761.0503]]

 [[3503.8506 2756.0837]]

 [[3722.477  2751.492 ]]

 [[3939.9612 2746.9756]]

 [[4156.0938 2743.0117]]

 [[4370.6113 2737.9795]]

 [[4581.3887 2732.0205]]

 [[4786.179  2724.2188]]

 [[4981.997  2714.3574]]

 [[5165.9917 2701.727 ]]

 [[5334.8145 2686.6514]]

 [[5487.536  2668.9128]]

 [[3070.9646 2992.9954]]

 [[3294.1008 2986.9048]]

 [[3514.7505 2980.922 ]]

 [[3735.0935 2975.2466]]

 [[3953.0369 2970.0693]]

 [[4169.003  2963.0303]]

 [[4381.9062 2955.5964]]

 [[4589.9956 2945.9707]]

 [[4788.9995 2933.9785]]

 [[4978.3613 2918.9807]]

 [[5154.702  2900.935 ]]

 [[5317.025  2880.0615]]

 [[5464.518  2857.4194]]

 [[3077.798  3221.994 ]]

 [[3301.9744 3214.212 ]]

 [[3524.7388 3207.1072]]

 [[3745.1367 3199.1836]]

 [[3962.8596 3189.8782]]

 [[4177.262  3180.0027]]

 [[4386.0273 3167.8745]]

 [[4587.213  3152.7354]]

 [[4780.1    3135.    ]]

 [[4961.696  3114.0361]]

 [[5130.6616 3090.0964]]

 [[5286.695  3063.9556]]

 [[5429.47   3036.0022]]

 [[3084.1033 3441.907 ]]

 [[3307.9246 3433.099 ]]

 [[3529.9912 3423.6362]]

 [[3748.937  3412.109 ]]

 [[3963.395  3399.1653]]

 [[4172.962  3384.0615]]

 [[4376.6396 3366.3591]]

 [[4571.2446 3345.2852]]

 [[4756.6074 3321.524 ]]

 [[4930.9326 3294.8376]]

 [[5093.472  3265.8115]]

 [[5244.3887 3235.0063]]

 [[5383.6523 3202.667 ]]]"
19,"[[ 0]
 [ 1]
 [ 2]
 [ 3]
 [ 4]
 [ 5]
 [ 6]
 [ 7]
 [ 8]
 [ 9]
 [10]
 [11]
 [12]
 [13]
 [14]
 [15]
 [16]
 [17]
 [18]
 [19]
 [20]
 [21]
 [22]
 [23]
 [24]
 [25]
 [26]
 [27]
 [28]
 [29]
 [30]
 [31]
 [32]
 [33]
 [34]
 [35]
 [36]
 [37]
 [38]
 [39]
 [40]
 [41]
 [42]
 [43]
 [44]
 [45]
 [46]
 [47]
 [48]
 [49]
 [50]
 [51]
 [52]
 [53]
 [54]
 [55]
 [56]
 [57]
 [58]
 [59]
 [60]
 [61]
 [62]
 [63]
 [64]
 [65]
 [66]
 [67]
 [68]
 [69]
 [70]
 [71]
 [72]
 [73]
 [74]
 [75]
 [76]
 [77]]","[[[ 213.91063 2281.3394 ]]

 [[ 363.73642 2291.253  ]]

 [[ 535.7627  2298.8398 ]]

 [[ 727.8938  2306.1902 ]]

 [[ 939.9613  2309.9133 ]]

 [[1166.1781  2313.098  ]]

 [[1398.0546  2314.0796 ]]

 [[1631.0386  2314.0283 ]]

 [[1862.008   2313.9958 ]]

 [[2089.9922  2313.9856 ]]

 [[2314.987   2312.9968 ]]

 [[2535.9163  2312.9094 ]]

 [[2754.9937  2314.0056 ]]

 [[ 230.20367 2487.2039 ]]

 [[ 377.36557 2502.0984 ]]

 [[ 544.82306 2515.005  ]]

 [[ 733.0336  2524.9468 ]]

 [[ 940.19226 2532.0325 ]]

 [[1161.007   2535.9856 ]]

 [[1391.009   2537.985  ]]

 [[1624.1536  2537.0938 ]]

 [[1855.9847  2536.0059 ]]

 [[2084.8977  2533.9048 ]]

 [[2311.9844  2532.984  ]]

 [[2534.9988  2531.9836 ]]

 [[2756.0078  2531.0032 ]]

 [[ 259.84314 2687.2686 ]]

 [[ 404.08173 2707.4622 ]]

 [[ 566.12897 2725.6335 ]]

 [[ 747.56067 2740.7378 ]]

 [[ 947.1275  2751.741  ]]

 [[1162.1024  2758.9043 ]]

 [[1387.0073  2762.0076 ]]

 [[1617.8885  2762.062  ]]

 [[1848.8547  2760.8997 ]]

 [[2080.1506  2759.088  ]]

 [[2308.0166  2755.9915 ]]

 [[2533.0076  2754.004  ]]

 [[2755.9878  2751.9915 ]]

 [[ 302.76257 2879.0496 ]]

 [[ 444.0409  2904.147  ]]

 [[ 601.17053 2927.7366 ]]

 [[ 775.0319  2948.2698 ]]

 [[ 965.8844  2964.861  ]]

 [[1171.6798  2977.085  ]]

 [[1390.1721  2983.9058 ]]

 [[1615.7938  2986.943  ]]

 [[1844.9944  2986.9922 ]]

 [[2074.997   2986.0002 ]]

 [[2304.0017  2982.9924 ]]

 [[2530.9028  2979.826  ]]

 [[2754.9866  2978.0027 ]]

 [[ 357.69382 3059.4744 ]]

 [[ 496.45837 3089.2156 ]]

 [[ 649.6056  3117.3677 ]]

 [[ 816.79376 3143.1006 ]]

 [[ 999.05707 3165.5342 ]]

 [[1195.9172  3183.2556 ]]

 [[1404.6202  3196.3484 ]]

 [[1622.8726  3205.037  ]]

 [[1846.9971  3208.9924 ]]

 [[2073.9578  3210.022  ]]

 [[2301.9893  3209.0142 ]]

 [[2529.9958  3207.0195 ]]

 [[2755.95    3204.1143 ]]

 [[ 422.2338  3227.654  ]]

 [[ 559.451   3260.4478 ]]

 [[ 709.31635 3292.6287 ]]

 [[ 871.3202  3322.268  ]]

 [[1046.8396  3349.2317 ]]

 [[1234.745   3372.76   ]]

 [[1434.2233  3391.8184 ]]

 [[1643.8237  3406.1929 ]]

 [[1860.6492  3415.9897 ]]

 [[2082.1252  3421.9824 ]]

 [[2307.1846  3424.9023 ]]

 [[2531.9094  3425.1008 ]]

 [[2758.0044  3424.0525 ]]]"
20,"[[ 0]
 [ 1]
 [ 2]
 [ 3]
 [ 4]
 [ 5]
 [ 6]
 [ 7]
 [ 8]
 [ 9]
 [10]
 [11]
 [12]
 [13]
 [14]
 [15]
 [16]
 [17]
 [18]
 [19]
 [20]
 [21]
 [22]
 [23]
 [24]
 [25]
 [26]
 [27]
 [28]
 [29]
 [30]
 [31]
 [32]
 [33]
 [34]
 [35]
 [36]
 [37]
 [38]
 [39]
 [40]
 [41]
 [42]
 [43]
 [44]
 [45]
 [46]
 [47]
 [48]
 [49]
 [50]
 [51]
 [52]
 [53]
 [54]
 [55]
 [56]
 [57]
 [58]
 [59]
 [60]
 [61]
 [62]
 [63]
 [64]
 [65]
 [66]
 [67]
 [68]
 [69]
 [70]
 [71]
 [72]
 [73]
 [74]
 [75]
 [76]
 [77]]","[[[1821.8956 2276.9075]]

 [[2033.0072 2277.004 ]]

 [[2240.9917 2275.9993]]

 [[2446.985  2277.0051]]

 [[2650.0027 2276.981 ]]

 [[2851.0027 2276.998 ]]

 [[3050.993  2278.005 ]]

 [[3249.9924 2278.018 ]]

 [[3447.993  2279.0085]]

 [[3645.0188 2280.0725]]

 [[3842.6362 2280.9792]]

 [[4039.8914 2281.9426]]

 [[4236.8945 2282.9524]]

 [[1816.0212 2480.9492]]

 [[2027.9462 2479.9792]]

 [[2237.9    2479.0544]]

 [[2444.0212 2477.9246]]

 [[2649.1165 2478.1633]]

 [[2852.0085 2476.9954]]

 [[3053.018  2476.9927]]

 [[3252.993  2476.9944]]

 [[3452.0942 2477.0703]]

 [[3651.0059 2477.998 ]]

 [[3849.363  2478.991 ]]

 [[4047.9758 2478.9565]]

 [[4245.6177 2480.0127]]

 [[1810.0066 2688.005 ]]

 [[2022.4978 2686.9944]]

 [[2233.0083 2684.9954]]

 [[2441.5435 2683.0107]]

 [[2648.0073 2681.9944]]

 [[2852.0317 2680.7898]]

 [[3055.0012 2679.9807]]

 [[3257.1458 2678.9053]]

 [[3456.8894 2679.0908]]

 [[3657.3953 2679.015 ]]

 [[3856.8518 2679.092 ]]

 [[4056.0264 2680.076 ]]

 [[4255.0312 2679.929 ]]

 [[1805.1631 2897.1187]]

 [[2016.992  2896.0046]]

 [[2228.49   2893.983 ]]

 [[2437.9897 2891.6357]]

 [[2645.91   2888.8296]]

 [[2851.9985 2887.9922]]

 [[3056.9868 2885.9866]]

 [[3259.9812 2885.    ]]

 [[3462.6245 2884.0076]]

 [[3663.9944 2884.0068]]

 [[3865.1746 2882.8984]]

 [[4064.4875 2882.006 ]]

 [[4262.8867 2880.948 ]]

 [[1804.1903 3103.8958]]

 [[2013.9889 3103.982 ]]

 [[2225.0078 3103.0122]]

 [[2436.0784 3102.0913]]

 [[2644.9011 3098.81  ]]

 [[2851.9958 3097.0076]]

 [[3058.987  3094.9165]]

 [[3263.112  3093.0466]]

 [[3466.8992 3090.8538]]

 [[3670.3342 3089.954 ]]

 [[3870.9983 3086.9888]]

 [[4069.941  3084.0312]]

 [[4265.8965 3079.8096]]

 [[1811.0846 3301.8806]]

 [[2017.56   3305.8923]]

 [[2226.0046 3308.016 ]]

 [[2436.0063 3308.0068]]

 [[2645.005  3306.9846]]

 [[2853.0059 3305.007 ]]

 [[3060.0056 3302.0232]]

 [[3265.9976 3298.9917]]

 [[3470.0164 3295.99  ]]

 [[3671.9854 3292.0012]]

 [[3871.9836 3287.0132]]

 [[4068.9143 3280.6475]]

 [[4261.8555 3271.88  ]]]"
